Title,DecisionId,Severity,Summary,Question,Source,RelatedMeetingId,RelatedEventId
Approve the 2027 Board structure,D-BOARD,decision,The draft uses the recent two-retreat direction with assumed retreat months.,"Should 2027 use four regular meetings plus two retreats, and which months should hold the retreats?",MVP 1 Calendar Planning and Executive Scheduling Rulebook C.1 and H.1,full-board,
Supply the official 2027 LSS holiday list,D-HOLIDAYS,blocked,"Federal dates are calculated, but Good Friday, the day after Thanksgiving, Christmas Eve, and the year-end closure are projected from 2026.",Which 2027 dates are official LSS closures or no-meeting periods?,MVP 1 Calendar Planning and Executive Scheduling Rulebook B.1 and H.1,,
Confirm Finance-to-Board sequencing,D-FINANCE,blocked,"The draft can place the recurring committee dates, but it cannot prove that every required Board decision follows completed financial review.","What is the 2027 budget deadline, when are financials ready, and which items require Board action?",MVP 1 Calendar Planning and Executive Scheduling Rulebook C.3 and H.1,finance-committee,
Choose the All Staff pattern,D-ALL-STAFF,decision,The draft uses January/April/July/October for one hour.,Which month pattern and duration should govern 2027?,"2026 LSS Meetings Calendar — detailed meeting sheet, Meeting Matrix — Strategy, Values and Operations, and MVP 1 Calendar Planning and Executive Scheduling Rulebook D.5",all-staff,
Resolve Leadership Retreat timing and overlap,D-LTR,decision,"Historical September sources disagree, and the projected September retreat collides with the monthly Leadership meeting.","Which two 2027 months should be used, and does a retreat replace the monthly meeting?",MVP 1 Calendar Planning and Executive Scheduling Rulebook D.4,leadership-retreat,
Provide Program Briefing date-selection rules,D-QPB,blocked,"The months can be reserved, but the number of program-specific events and final dates are unknown.","Is there one briefing or one per program, and how does each Program Director select a date?",MVP 1 Calendar Planning and Executive Scheduling Rulebook D.6,program-briefing,
Map BVR programs to monthly slots,D-BVR,blocked,"The source shows multiple sessions and inconsistent dates, but no program-to-slot map.","What does BVR stand for, and which program owns each Tuesday or Wednesday slot?",MVP 1 Calendar Planning and Executive Scheduling Rulebook D.9,bvr,
Define Internal Risk,D-IR,blocked,"Purpose, owner, attendees, and governance dependency are missing; its observed January date also violates the stated recurrence.","Who owns this committee, who must attend, and is the third-Thursday rule authoritative?",MVP 1 Calendar Planning and Executive Scheduling Rulebook D.10,internal-risk,
Confirm the Operations meeting structure,D-OPS,decision,"The detailed calendar and Meeting Matrix disagree on cadence, duration, month pattern, and weekday.","Why are there two quarterly dates, and how many program sessions occur on each date?",MVP 1 Calendar Planning and Executive Scheduling Rulebook D.8,operations,
Confirm Supervisory Team frequency,D-STM,decision,The detailed calendar schedules three meetings while the Matrix calls it quarterly.,Should 2027 use three meetings or four?,MVP 1 Calendar Planning and Executive Scheduling Rulebook D.7,supervisory-team,
