Title,Category,Purpose,Leader,Attendees,Cadence,FrequencyDetail,DefaultMonth,DayOfWeek,WeekOfMonth,PreferredTime,DurationMinutes,Modality,Location,AttendanceRule,Flexibility,RuleStatus,UpstreamDependency,DownstreamDependency,HolidayHandling,Notes
Full Board Meeting,Board,Provide recurring governance discussion and decisions.,Board Chair / CEO,Full Board,Second Tuesday in selected months,Second Tuesday in January; March; July; September,January; March; July; September,Tuesday,2nd,17:00,120,In-person,LSS — location to confirm,Core attendance required,protected,needs_validation,Board calendar structure must be approved.,Board committees and executive planning should work around confirmed Board dates.,Do not schedule on observed holidays; move to nearest valid business day for draft review.,Assumptions: A-BOARD | 2026 Board Calendar: 2026 used six monthly Board touchpoints alternating with check-ins. | MVP 1 Calendar Planning and Executive Scheduling Rulebook C.1: The final 2027 Board skeleton must be confirmed.
Board Retreat,Board,Long-form Board governance and strategic work.,Board Chair / CEO,Full Board,Scenario months; second Tuesday,Second Tuesday in May; November,May; November,Tuesday,2nd,08:00,300,In-person,LSS — location to confirm,Full attendance required,protected,needs_validation,Board retreat months must be approved.,Regular Board meeting pattern and committee calendar should work around retreat dates.,Do not schedule on observed holidays; select a business-day alternative.,Assumptions: A-BOARD | 2026 Board Calendar: May 2026 was converted into a retreat. | MVP 1 Calendar Planning and Executive Scheduling Rulebook C.1: Recent direction suggests two longer retreats in 2027.
Board Critical Issue Check-in,Board,Maintain a monthly Board touchpoint for critical issues.,Board Chair / CEO,Full Board,Second Tuesday in alternating months,Second Tuesday in February; April; June; August; October; December,February; April; June; August; October; December,Tuesday,2nd,17:00,30,Virtual,Microsoft Teams,Core attendance required,protected,needs_validation,Board calendar structure must be approved.,Maintains Board touchpoints between regular meetings.,Do not schedule on observed holidays; move to nearest valid business day for draft review.,Assumptions: A-BOARD | 2026 Board Calendar: 2026 alternated six short virtual check-ins with Full Board meetings. | MVP 1 Calendar Planning and Executive Scheduling Rulebook C.1: Six 2027 check-ins were discussed but not approved.
Executive Committee,Committee,Provide an authoritative governance body between Board meetings.,Board Chair,Executive Committee,Every other month; fourth Tuesday,Fourth Tuesday in February; April; June; August; October; December,February; April; June; August; October; December,Tuesday,4th,17:00,90,To confirm,To confirm,Core attendance required,protected,needs_validation,Board meeting months should be confirmed first.,Can shape items that need Board-level action.,Do not schedule on observed holidays; select a business-day alternative.,"2026 Board Calendar: 2026 used the fourth Tuesday in alternating months, with a December exception. | MVP 1 Calendar Planning and Executive Scheduling Rulebook C.2: 2027 cadence, default day, and holiday-month handling need validation."
Administration & Finance Committee,Committee,Review financial matters before required Board action.,Administration & Finance Committee Chair,Administration & Finance Committee,Every other month; normally fourth Tuesday,Fourth Tuesday in January; March; May; July; September; November,January; March; May; July; September; November,Tuesday,4th,17:00,90,To confirm,To confirm,Core attendance required,conditional,needs_validation,Financial data-ready dates and 2027 budget deadline are required.,Board decisions that require completed financial review.,Do not schedule on observed holidays; finance-to-Board deadline may override normal cadence.,"The 2027 budget deadline, exact data-ready date, and which items require Board action are missing. | 2026 Board Calendar: 2026 used January, March, May, July, September, and November. | MVP 1 Calendar Planning and Executive Scheduling Rulebook C.3: Financial-data timing and Board decision deadlines outrank normal cadence."
Health Center & Programs Committee,Committee,Purpose and required outputs need confirmation.,Committee Chair,Health Center & Programs Committee,Third Tuesday of the third month of each quarter,Third Tuesday in March; June; September; December,March; June; September; December,Tuesday,3rd,17:00,90,To confirm,To confirm,To confirm,conditional,needs_validation,"Committee purpose, outputs, attendees, and Board dependencies need validation.",Potential Board program decisions.,Do not schedule on observed holidays; select a business-day alternative.,"2026 Board Calendar: 2026 followed the third-Tuesday quarterly pattern. | MVP 1 Calendar Planning and Executive Scheduling Rulebook C.4: Name, purpose, outputs, attendees, and Board dependencies need validation."
Talent & Risk Management Committee,Committee,Review talent and risk matters; current purpose needs confirmation.,Committee Chair,Talent & Risk Management Committee,First Tuesday of the second month of each quarter,First Tuesday in February; May; August; November,February; May; August; November,Tuesday,1st,17:00,90,To confirm,To confirm,To confirm,conditional,needs_validation,"Committee purpose, structure, outputs, and 2027 cadence need validation.",Potential Board talent or risk decisions.,Do not schedule on observed holidays; select a business-day alternative.,"2026 Board Calendar: The May 2026 date was an exception; the August source contains a year typo. | MVP 1 Calendar Planning and Executive Scheduling Rulebook C.5: Purpose, structure, outputs, and 2027 cadence require validation."
Nominations Committee,Committee,"Support Board recruitment, nominations, and succession planning when needed.",To confirm,Nominations Committee,No recurring cadence documented,Second Tuesday in ,,Tuesday,2nd,TBD,60,To confirm,To confirm,To confirm,conditional,open_question,"Recruitment, succession, or Board nomination deadlines.",Board recruitment and nominations decisions.,Do not schedule on observed holidays; schedule only when business need is confirmed.,"Confirm whether this group needs a 2027 cadence or should be scheduled only when needed. | MVP 1 Calendar Planning and Executive Scheduling Rulebook C.6: No recurring cadence is documented; timing should follow confirmed recruitment, succession, or Board deadlines."
Program Committee,Committee,Purpose and required outputs need confirmation.,To confirm,Program Committee,No recurring cadence documented,Second Tuesday in ,,Tuesday,2nd,TBD,60,To confirm,To confirm,To confirm,conditional,open_question,"Committee purpose, participants, and cadence must be defined.",Potential Board or program governance decisions.,Do not schedule on observed holidays; schedule only when business need is confirmed.,"Confirm the committee's purpose, participants, and whether it needs a recurring 2027 cadence. | MVP 1 Calendar Planning and Executive Scheduling Rulebook: The Program Committee was referenced in discovery, but no clean recurring 2027 cadence is documented."
Board Orientation Window,Board,Prepare new Board members for service.,Board / Executive Administration,New Board Members,April and October window,Second Friday in April; October,April; October,Friday,2nd,10:00,90,To confirm,To confirm,Informational,flexible,needs_validation,New Board member onboarding need must be confirmed.,New Board member readiness.,Do not schedule on observed holidays; use another business day in the orientation window.,2026 Board Calendar: 2026 held orientation windows on the second Friday in April and October. | MVP 1 Calendar Planning and Executive Scheduling Rulebook C.7: Confirm whether standing windows are needed in 2027.
Executive Team Meeting,Executive,Define and manage LSS strategy and make organization-wide decisions.,CEO,Executive Team,Weekly Monday,Every week,All months,Monday,,09:00,90,To confirm,To confirm,Core attendance required,conditional,confirmed,None documented.,Executive decisions and direction for organization-wide planning.,Automatically move Monday federal holiday occurrences to the nearest valid business day for draft review.,"Assumptions: A-TIMES | Meeting Matrix — Strategy, Values and Operations: Weekly L-10 meeting lasting 1.5 hours. | MVP 1 Calendar Planning and Executive Scheduling Rulebook D.1: Monday is the normal day; holiday occurrences require an alternative."
Executive Team Quarterly Retreat,Executive,Review results and set quarterly priorities or Rocks.,CEO,Executive Team,Quarterly Friday near quarter boundary,Fixed dates: 2027-03-26; 2027-06-25; 2027-09-24; 2027-12-17,March; June; September; December,,,09:00,240,In-person,To confirm,Full attendance required,protected,needs_validation,Quarterly results and planning inputs.,Quarterly priorities / Rocks.,Do not schedule on observed holidays or projected LSS closures unless explicitly approved.,"Meeting Matrix — Strategy, Values and Operations: Quarterly, four hours, by the end of the first week of the quarter; June annual planning noted. | MVP 1 Calendar Planning and Executive Scheduling Rulebook D.2: Discovery described Fridays near quarter-end; the exact rule is unresolved."
Leadership Team Meeting,Organization,Align program and functional leadership on strategy and priorities.,CEO,"Executive Team, Program Directors, Functional Leaders",Monthly second Thursday,Second Thursday in January; February; March; April; May; June; July; August; September; October; November; December,January; February; March; April; May; June; July; August; September; October; November; December,Thursday,2nd,10:00,60,Virtual,Microsoft Teams,Core attendance required,conditional,2026_baseline,Executive Team direction.,Program and functional leadership alignment.,Do not schedule on observed holidays; select a business-day alternative.,2026 LSS Meetings Calendar — detailed meeting sheet: February–December follow the second Thursday; January 2026 was a Friday anomaly. | MVP 1 Calendar Planning and Executive Scheduling Rulebook D.3: January exception requires explanation.
Leadership Team Retreat,Organization,Fine-tune organizational strategy and priorities.,CEO / VPs,Leadership Team,Twice yearly,Fixed dates: 2027-01-07; 2027-09-09,January; September,,,09:00,240,In-person,To confirm,Full attendance required,protected,needs_validation,Executive priorities and retreat timing must be coordinated.,Organizational strategy and priority alignment.,Do not schedule on observed holidays; retreat may replace monthly Leadership meeting if approved.,"September's historical sources disagree, and the 2027 projection overlaps the monthly Leadership Team meeting. | 2026 LSS Meetings Calendar — detailed meeting sheet: 2026 detail tab lists January 7 and September 10; the master grid lists September 11. | MVP 1 Calendar Planning and Executive Scheduling Rulebook D.4: The relationship to Executive Retreats and monthly Leadership meetings is unresolved."
All Staff Meeting,Organization,Share organizational status and reinforce LSS mission and values.,Executive Team,All LSS Staff,Quarterly; third Wednesday,Third Wednesday in January; April; July; October,January; April; July; October,Wednesday,3rd,10:00,60,Virtual,Microsoft Teams,Informational,conditional,needs_validation,Leadership message and source pattern must be validated.,Organization-wide communication.,Do not schedule on observed holidays; select a business-day alternative.,"The two current sources disagree on both months and duration. | Assumptions: A-PRECEDENCE | 2026 LSS Meetings Calendar — detailed meeting sheet: January/April/July/October, third Wednesday, one hour. | Meeting Matrix — Strategy, Values and Operations: February/May/August/November, 45 minutes. | MVP 1 Calendar Planning and Executive Scheduling Rulebook D.5: Use detailed sheet as the POC baseline and validate the 2027 rule."
Quarterly Program Briefing — date TBD,Organization,Provide program updates and reinforce LSS mission and priorities.,Program Directors / Internal Communications,Program Staff,Second month of each quarter; owner selects date,Month reserved only; final date rule needed. Second month of each quarter; owner selects date,February; May; August; November,,,TBD,60,To confirm,To confirm,To confirm,flexible,open_question,Program Director date-selection rule and event count required.,Program updates and mission/priorities communication.,Reserve month only until final date rule is supplied.,"2026 LSS Meetings Calendar — detailed meeting sheet: February, May, August, and November; Program Directors select exact dates. | Meeting Matrix — Strategy, Values and Operations: A different quarterly month pattern is listed and a results dependency is questioned. | MVP 1 Calendar Planning and Executive Scheduling Rulebook D.6: The agent may reserve the month but must not invent a final date."
Supervisory Team Meeting,Organization,Cascade organizational information and initiatives to supervisors.,Executive Team,LSS Supervisors,Three times yearly; last Thursday,Last Thursday in February; May; October,February; May; October,Thursday,Last,09:00,210,In-person,To confirm,To confirm,conditional,needs_validation,Frequency must be validated: three meetings vs quarterly.,Supervisor communication cascade.,Do not schedule on observed holidays; select a business-day alternative.,"2026 LSS Meetings Calendar — detailed meeting sheet: February, May, and October; last Thursday; 3.5 hours in person. | Meeting Matrix — Strategy, Values and Operations: Describes the meeting as quarterly without matching timing detail. | MVP 1 Calendar Planning and Executive Scheduling Rulebook D.7: Frequency must be validated for 2027."
Operations Meeting,Organization,"Review financial results, service delivery, KPIs, and quality.",CEO,Executive Team and Program Directors,Third Wednesday and Thursday of quarter's third month,Third Wednesday and following day in March; June; September; December,March; June; September; December,Wednesday and following day,3rd,10:00,45,In-person,To confirm,Core attendance required,conditional,needs_validation,"Financial results, service delivery, KPI, and quality data availability.",Operations review and potential leadership action.,Do not schedule on observed holidays; data dependencies may override normal cadence.,"The reason for two dates, number of program sessions, and data dependencies are missing. | 2026 LSS Meetings Calendar — detailed meeting sheet: Two 45-minute in-person dates per quarter in March, June, September, and December. | Meeting Matrix — Strategy, Values and Operations: Bi-monthly or quarterly, fourth Wednesday, 30 minutes — a conflicting pattern. | MVP 1 Calendar Planning and Executive Scheduling Rulebook D.8: Use detailed sheet for the POC and validate structure."
BVR Meeting Slots — mapping needed,Organization,Program-level financial deep dive.,To confirm,Program and financial leaders — mapping required,Monthly second Tuesday/Wednesday,Month reserved only; final date rule needed. Monthly second Tuesday/Wednesday,January; February; March; April; May; June; July; August; September; October; November; December,,,TBD,30,Virtual,Microsoft Teams,To confirm,conditional,open_question,Program-to-slot map is required.,Program-level financial deep dives.,Reserve month only until program owner and slot mapping are supplied.,"2026 LSS Meetings Calendar — detailed meeting sheet: Monthly, second Tuesday/Wednesday, 30 minutes, virtual; master dates are inconsistent. | MVP 1 Calendar Planning and Executive Scheduling Rulebook D.9: Do not create the complete monthly set until the program-to-slot mapping is supplied."
Internal Risk Committee,Committee,Purpose and governance relationship are not documented.,To confirm,To confirm,Quarterly; third Thursday in first month,Third Thursday in January; April; July; October,January; April; July; October,Thursday,3rd,10:00,90,In-person,To confirm,To confirm,conditional,open_question,"Purpose, owner, attendees, representation, and Board relationship must be defined.",Risk governance actions once defined.,Do not schedule on observed holidays; no final rule until governance relationship is confirmed.,"2026 LSS Meetings Calendar — detailed meeting sheet: The tab states third Thursday, but January 22, 2026 was the fourth Thursday; October appears only in the detail tab. | MVP 1 Calendar Planning and Executive Scheduling Rulebook D.10: Purpose, owner, attendees, representation, and Board relationship are open."
