Title,MeetingId,Abbreviation,Category,Purpose,Leader,Attendees,Cadence,DurationMinutes,StartTime,Modality,Location,AttendanceRequirement,Flexibility,RuleStatus,GenerationType,Months,Ordinal,DayOfWeek,FixedDates,Priority,SourceReferences,Assumptions,ValidationNote
Full Board Meeting,full-board,BOARD,board,Provide recurring governance discussion and decisions.,Board Chair / CEO,Full Board,Second Tuesday in selected months,120,17:00,In person,LSS — location to confirm,Core attendance required,protected,needs_validation,nth_weekday,January; March; July; September,Second,Tuesday,,100,2026 Board Calendar: 2026 used six monthly Board touchpoints alternating with check-ins. | MVP 1 Calendar Planning and Executive Scheduling Rulebook C.1: The final 2027 Board skeleton must be confirmed.,A-BOARD,
Board Retreat,board-retreat,B-RET,board,Long-form Board governance and strategic work.,Board Chair / CEO,Full Board,Scenario months; second Tuesday,300,08:00,In person,LSS — location to confirm,Full attendance required,protected,needs_validation,nth_weekday,May; November,Second,Tuesday,,100,2026 Board Calendar: May 2026 was converted into a retreat. | MVP 1 Calendar Planning and Executive Scheduling Rulebook C.1: Recent direction suggests two longer retreats in 2027.,A-BOARD,
Board Critical Issue Check-in,critical-checkin,BCI,board,Maintain a monthly Board touchpoint for critical issues.,Board Chair / CEO,Full Board,Second Tuesday in alternating months,30,17:00,Virtual,Microsoft Teams,Core attendance required,protected,needs_validation,nth_weekday,February; April; June; August; October; December,Second,Tuesday,,95,2026 Board Calendar: 2026 alternated six short virtual check-ins with Full Board meetings. | MVP 1 Calendar Planning and Executive Scheduling Rulebook C.1: Six 2027 check-ins were discussed but not approved.,A-BOARD,
Executive Committee,executive-committee,EXEC-C,committee,Provide an authoritative governance body between Board meetings.,Board Chair,Executive Committee,Every other month; fourth Tuesday,90,17:00,To confirm,To confirm,Core attendance required,protected,needs_validation,nth_weekday,February; April; June; August; October; December,Fourth,Tuesday,,90,"2026 Board Calendar: 2026 used the fourth Tuesday in alternating months, with a December exception. | MVP 1 Calendar Planning and Executive Scheduling Rulebook C.2: 2027 cadence, default day, and holiday-month handling need validation.",,
Administration & Finance Committee,finance-committee,A&F,committee,Review financial matters before required Board action.,Administration & Finance Committee Chair,Administration & Finance Committee,Every other month; normally fourth Tuesday,90,17:00,To confirm,To confirm,Core attendance required,conditional,needs_validation,nth_weekday,January; March; May; July; September; November,Fourth,Tuesday,,88,"2026 Board Calendar: 2026 used January, March, May, July, September, and November. | MVP 1 Calendar Planning and Executive Scheduling Rulebook C.3: Financial-data timing and Board decision deadlines outrank normal cadence.",,"The 2027 budget deadline, exact data-ready date, and which items require Board action are missing."
Health Center & Programs Committee,health-programs,H&P,committee,Purpose and required outputs need confirmation.,Committee Chair,Health Center & Programs Committee,Third Tuesday of the third month of each quarter,90,17:00,To confirm,To confirm,To confirm,conditional,needs_validation,nth_weekday,March; June; September; December,Third,Tuesday,,80,"2026 Board Calendar: 2026 followed the third-Tuesday quarterly pattern. | MVP 1 Calendar Planning and Executive Scheduling Rulebook C.4: Name, purpose, outputs, attendees, and Board dependencies need validation.",,
Talent & Risk Management Committee,talent-risk,T&R,committee,Review talent and risk matters; current purpose needs confirmation.,Committee Chair,Talent & Risk Management Committee,First Tuesday of the second month of each quarter,90,17:00,To confirm,To confirm,To confirm,conditional,needs_validation,nth_weekday,February; May; August; November,First,Tuesday,,80,"2026 Board Calendar: The May 2026 date was an exception; the August source contains a year typo. | MVP 1 Calendar Planning and Executive Scheduling Rulebook C.5: Purpose, structure, outputs, and 2027 cadence require validation.",,
Nominations Committee,nominations-committee,NOM,committee,"Support Board recruitment, nominations, and succession planning when needed.",To confirm,Nominations Committee,No recurring cadence documented,60,TBD,To confirm,To confirm,To confirm,conditional,open_question,nth_weekday,,Second,Tuesday,,76,"MVP 1 Calendar Planning and Executive Scheduling Rulebook C.6: No recurring cadence is documented; timing should follow confirmed recruitment, succession, or Board deadlines.",,Confirm whether this group needs a 2027 cadence or should be scheduled only when needed.
Program Committee,program-committee,PROG-C,committee,Purpose and required outputs need confirmation.,To confirm,Program Committee,No recurring cadence documented,60,TBD,To confirm,To confirm,To confirm,conditional,open_question,nth_weekday,,Second,Tuesday,,74,"MVP 1 Calendar Planning and Executive Scheduling Rulebook: The Program Committee was referenced in discovery, but no clean recurring 2027 cadence is documented.",,"Confirm the committee's purpose, participants, and whether it needs a recurring 2027 cadence."
Board Orientation Window,board-orientation,ORIENT,board,Prepare new Board members for service.,Board / Executive Administration,New Board Members,April and October window,90,10:00,To confirm,To confirm,Informational,flexible,needs_validation,nth_weekday,April; October,Second,Friday,,55,2026 Board Calendar: 2026 held orientation windows on the second Friday in April and October. | MVP 1 Calendar Planning and Executive Scheduling Rulebook C.7: Confirm whether standing windows are needed in 2027.,,
Executive Team Meeting,executive-team,ET,executive,Define and manage LSS strategy and make organization-wide decisions.,CEO,Executive Team,Weekly Monday,90,09:00,To confirm,To confirm,Core attendance required,conditional,confirmed,weekly,All months,,Monday,,70,"Meeting Matrix — Strategy, Values and Operations: Weekly L-10 meeting lasting 1.5 hours. | MVP 1 Calendar Planning and Executive Scheduling Rulebook D.1: Monday is the normal day; holiday occurrences require an alternative.",A-TIMES,
Executive Team Quarterly Retreat,executive-retreat,ETR,executive,Review results and set quarterly priorities or Rocks.,CEO,Executive Team,Quarterly Friday near quarter boundary,240,09:00,In person,To confirm,Full attendance required,protected,needs_validation,fixed_dates,March; June; September; December,,,2027-03-26; 2027-06-25; 2027-09-24; 2027-12-17,78,"Meeting Matrix — Strategy, Values and Operations: Quarterly, four hours, by the end of the first week of the quarter; June annual planning noted. | MVP 1 Calendar Planning and Executive Scheduling Rulebook D.2: Discovery described Fridays near quarter-end; the exact rule is unresolved.",,
Leadership Team Meeting,leadership-team,LTM,organization,Align program and functional leadership on strategy and priorities.,CEO,"Executive Team, Program Directors, Functional Leaders",Monthly second Thursday,60,10:00,Virtual,Microsoft Teams,Core attendance required,conditional,2026_baseline,nth_weekday,January; February; March; April; May; June; July; August; September; October; November; December,Second,Thursday,,65,2026 LSS Meetings Calendar — detailed meeting sheet: February–December follow the second Thursday; January 2026 was a Friday anomaly. | MVP 1 Calendar Planning and Executive Scheduling Rulebook D.3: January exception requires explanation.,,
Leadership Team Retreat,leadership-retreat,LTR,organization,Fine-tune organizational strategy and priorities.,CEO / VPs,Leadership Team,Twice yearly,240,09:00,In person,To confirm,Full attendance required,protected,needs_validation,fixed_dates,January; September,,,2027-01-07; 2027-09-09,76,2026 LSS Meetings Calendar — detailed meeting sheet: 2026 detail tab lists January 7 and September 10; the master grid lists September 11. | MVP 1 Calendar Planning and Executive Scheduling Rulebook D.4: The relationship to Executive Retreats and monthly Leadership meetings is unresolved.,,"September's historical sources disagree, and the 2027 projection overlaps the monthly Leadership Team meeting."
All Staff Meeting,all-staff,ASM,organization,Share organizational status and reinforce LSS mission and values.,Executive Team,All LSS Staff,Quarterly; third Wednesday,60,10:00,Virtual,Microsoft Teams,Informational,conditional,needs_validation,nth_weekday,January; April; July; October,Third,Wednesday,,60,"2026 LSS Meetings Calendar — detailed meeting sheet: January/April/July/October, third Wednesday, one hour. | Meeting Matrix — Strategy, Values and Operations: February/May/August/November, 45 minutes. | MVP 1 Calendar Planning and Executive Scheduling Rulebook D.5: Use detailed sheet as the POC baseline and validate the 2027 rule.",A-PRECEDENCE,The two current sources disagree on both months and duration.
Quarterly Program Briefing — date TBD,program-briefing,QPB,organization,Provide program updates and reinforce LSS mission and priorities.,Program Directors / Internal Communications,Program Staff,Second month of each quarter; owner selects date,60,TBD,To confirm,To confirm,To confirm,flexible,open_question,month_placeholder,February; May; August; November,,,,45,"2026 LSS Meetings Calendar — detailed meeting sheet: February, May, August, and November; Program Directors select exact dates. | Meeting Matrix — Strategy, Values and Operations: A different quarterly month pattern is listed and a results dependency is questioned. | MVP 1 Calendar Planning and Executive Scheduling Rulebook D.6: The agent may reserve the month but must not invent a final date.",,
Supervisory Team Meeting,supervisory-team,STM,organization,Cascade organizational information and initiatives to supervisors.,Executive Team,LSS Supervisors,Three times yearly; last Thursday,210,09:00,In person,To confirm,To confirm,conditional,needs_validation,nth_weekday,February; May; October,Last,Thursday,,58,"2026 LSS Meetings Calendar — detailed meeting sheet: February, May, and October; last Thursday; 3.5 hours in person. | Meeting Matrix — Strategy, Values and Operations: Describes the meeting as quarterly without matching timing detail. | MVP 1 Calendar Planning and Executive Scheduling Rulebook D.7: Frequency must be validated for 2027.",,
Operations Meeting,operations,OPS,organization,"Review financial results, service delivery, KPIs, and quality.",CEO,Executive Team and Program Directors,Third Wednesday and Thursday of quarter's third month,45,10:00,In person,To confirm,Core attendance required,conditional,needs_validation,two_day_nth_weekday,March; June; September; December,Third,Wednesday and following day,,62,"2026 LSS Meetings Calendar — detailed meeting sheet: Two 45-minute in-person dates per quarter in March, June, September, and December. | Meeting Matrix — Strategy, Values and Operations: Bi-monthly or quarterly, fourth Wednesday, 30 minutes — a conflicting pattern. | MVP 1 Calendar Planning and Executive Scheduling Rulebook D.8: Use detailed sheet for the POC and validate structure.",,"The reason for two dates, number of program sessions, and data dependencies are missing."
BVR Meeting Slots — mapping needed,bvr,BVR,organization,Program-level financial deep dive.,To confirm,Program and financial leaders — mapping required,Monthly second Tuesday/Wednesday,30,TBD,Virtual,Microsoft Teams,To confirm,conditional,open_question,month_placeholder,January; February; March; April; May; June; July; August; September; October; November; December,,,,35,"2026 LSS Meetings Calendar — detailed meeting sheet: Monthly, second Tuesday/Wednesday, 30 minutes, virtual; master dates are inconsistent. | MVP 1 Calendar Planning and Executive Scheduling Rulebook D.9: Do not create the complete monthly set until the program-to-slot mapping is supplied.",,
Internal Risk Committee,internal-risk,IR,committee,Purpose and governance relationship are not documented.,To confirm,To confirm,Quarterly; third Thursday in first month,90,10:00,In person,To confirm,To confirm,conditional,open_question,nth_weekday,January; April; July; October,Third,Thursday,,48,"2026 LSS Meetings Calendar — detailed meeting sheet: The tab states third Thursday, but January 22, 2026 was the fourth Thursday; October appears only in the detail tab. | MVP 1 Calendar Planning and Executive Scheduling Rulebook D.10: Purpose, owner, attendees, representation, and Board relationship are open.",,
