Full Board Meeting	Board	Provide recurring governance discussion and decisions.	Board Chair / CEO	Full Board	Quarterly	Tuesday	2nd	In-person	Core required	Fixed — Executive approval required to move	Needs validation	LSS — location to confirm	2027-01-01 17:00	120	Board calendar structure must be approved.	Cadence detail: Second Tuesday in selected months | Frequency detail: Second Tuesday in January; March; July; September | Default month(s): January; March; July; September | Downstream dependency: Board committees and executive planning should work around confirmed Board dates. | Holiday handling: Do not schedule on observed holidays; move to nearest valid business day for draft review. | Assumptions: A-BOARD | 2026 Board Calendar: 2026 used six monthly Board touchpoints alternating with check-ins. | MVP 1 Calendar Planning and Executive Scheduling Rulebook C.1: The final 2027 Board skeleton must be confirmed.
Board Retreat	Board	Long-form Board governance and strategic work.	Board Chair / CEO	Full Board	Semi-Annual	Tuesday	2nd	In-person	Full required	Fixed — Executive approval required to move	Needs validation	LSS — location to confirm	2027-01-01 08:00	300	Board retreat months must be approved.	Cadence detail: Scenario months; second Tuesday | Frequency detail: Second Tuesday in May; November | Default month(s): May; November | Downstream dependency: Regular Board meeting pattern and committee calendar should work around retreat dates. | Holiday handling: Do not schedule on observed holidays; select a business-day alternative. | Assumptions: A-BOARD | 2026 Board Calendar: May 2026 was converted into a retreat. | MVP 1 Calendar Planning and Executive Scheduling Rulebook C.1: Recent direction suggests two longer retreats in 2027.
Board Critical Issue Check-in	Board	Maintain a monthly Board touchpoint for critical issues.	Board Chair / CEO	Full Board	Every other month	Tuesday	2nd	Virtual	Core required	Fixed — Executive approval required to move	Needs validation	Microsoft Teams	2027-01-01 17:00	30	Board calendar structure must be approved.	Cadence detail: Second Tuesday in alternating months | Frequency detail: Second Tuesday in February; April; June; August; October; December | Default month(s): February; April; June; August; October; December | Downstream dependency: Maintains Board touchpoints between regular meetings. | Holiday handling: Do not schedule on observed holidays; move to nearest valid business day for draft review. | Assumptions: A-BOARD | 2026 Board Calendar: 2026 alternated six short virtual check-ins with Full Board meetings. | MVP 1 Calendar Planning and Executive Scheduling Rulebook C.1: Six 2027 check-ins were discussed but not approved.
Executive Committee	Committee	Provide an authoritative governance body between Board meetings.	Board Chair	Executive Committee	Every other month	Tuesday	4th	Hybrid	Core required	Fixed — Executive approval required to move	Needs validation	To confirm	2027-01-01 17:00	90	Board meeting months should be confirmed first.	Cadence detail: Every other month; fourth Tuesday | Frequency detail: Fourth Tuesday in February; April; June; August; October; December | Default month(s): February; April; June; August; October; December | Modality to confirm; Hybrid used as temporary SharePoint choice value. | Downstream dependency: Can shape items that need Board-level action. | Holiday handling: Do not schedule on observed holidays; select a business-day alternative. | 2026 Board Calendar: 2026 used the fourth Tuesday in alternating months, with a December exception. | MVP 1 Calendar Planning and Executive Scheduling Rulebook C.2: 2027 cadence, default day, and holiday-month handling need validation.
Administration & Finance Committee	Committee	Review financial matters before required Board action.	Administration & Finance Committee Chair	Administration & Finance Committee	Every other month	Tuesday	4th	Hybrid	Core required	Movable with approval	Needs validation	To confirm	2027-01-01 17:00	90	Financial data-ready dates and 2027 budget deadline are required.	Cadence detail: Every other month; normally fourth Tuesday | Frequency detail: Fourth Tuesday in January; March; May; July; September; November | Default month(s): January; March; May; July; September; November | Modality to confirm; Hybrid used as temporary SharePoint choice value. | Downstream dependency: Board decisions that require completed financial review. | Holiday handling: Do not schedule on observed holidays; finance-to-Board deadline may override normal cadence. | The 2027 budget deadline, exact data-ready date, and which items require Board action are missing. | 2026 Board Calendar: 2026 used January, March, May, July, September, and November. | MVP 1 Calendar Planning and Executive Scheduling Rulebook C.3: Financial-data timing and Board decision deadlines outrank normal cadence.
Health Center & Programs Committee	Committee	Purpose and required outputs need confirmation.	Committee Chair	Health Center & Programs Committee	Quarterly	Tuesday	3rd	Hybrid	Preferred	Movable with approval	Needs validation	To confirm	2027-01-01 17:00	90	Committee purpose, outputs, attendees, and Board dependencies need validation.	Cadence detail: Third Tuesday of the third month of each quarter | Frequency detail: Third Tuesday in March; June; September; December | Default month(s): March; June; September; December | Modality to confirm; Hybrid used as temporary SharePoint choice value. | Attendance rule to confirm; Preferred used as temporary SharePoint choice value. | Downstream dependency: Potential Board program decisions. | Holiday handling: Do not schedule on observed holidays; select a business-day alternative. | 2026 Board Calendar: 2026 followed the third-Tuesday quarterly pattern. | MVP 1 Calendar Planning and Executive Scheduling Rulebook C.4: Name, purpose, outputs, attendees, and Board dependencies need validation.
Talent & Risk Management Committee	Committee	Review talent and risk matters; current purpose needs confirmation.	Committee Chair	Talent & Risk Management Committee	Quarterly	Tuesday	1st	Hybrid	Preferred	Movable with approval	Needs validation	To confirm	2027-01-01 17:00	90	Committee purpose, structure, outputs, and 2027 cadence need validation.	Cadence detail: First Tuesday of the second month of each quarter | Frequency detail: First Tuesday in February; May; August; November | Default month(s): February; May; August; November | Modality to confirm; Hybrid used as temporary SharePoint choice value. | Attendance rule to confirm; Preferred used as temporary SharePoint choice value. | Downstream dependency: Potential Board talent or risk decisions. | Holiday handling: Do not schedule on observed holidays; select a business-day alternative. | 2026 Board Calendar: The May 2026 date was an exception; the August source contains a year typo. | MVP 1 Calendar Planning and Executive Scheduling Rulebook C.5: Purpose, structure, outputs, and 2027 cadence require validation.
Nominations Committee	Committee	Support Board recruitment, nominations, and succession planning when needed.	To confirm	Nominations Committee	Annual	Tuesday	2nd	Hybrid	Preferred	Movable with approval	Open Question	To confirm		60	Recruitment, succession, or Board nomination deadlines.	Cadence detail: No recurring cadence documented | Frequency detail: Second Tuesday in  | Default month(s):  | Modality to confirm; Hybrid used as temporary SharePoint choice value. | Attendance rule to confirm; Preferred used as temporary SharePoint choice value. | Downstream dependency: Board recruitment and nominations decisions. | Holiday handling: Do not schedule on observed holidays; schedule only when business need is confirmed. | Confirm whether this group needs a 2027 cadence or should be scheduled only when needed. | MVP 1 Calendar Planning and Executive Scheduling Rulebook C.6: No recurring cadence is documented; timing should follow confirmed recruitment, succession, or Board deadlines.
Program Committee	Committee	Purpose and required outputs need confirmation.	To confirm	Program Committee	Annual	Tuesday	2nd	Hybrid	Preferred	Movable with approval	Open Question	To confirm		60	Committee purpose, participants, and cadence must be defined.	Cadence detail: No recurring cadence documented | Frequency detail: Second Tuesday in  | Default month(s):  | Modality to confirm; Hybrid used as temporary SharePoint choice value. | Attendance rule to confirm; Preferred used as temporary SharePoint choice value. | Downstream dependency: Potential Board or program governance decisions. | Holiday handling: Do not schedule on observed holidays; schedule only when business need is confirmed. | Confirm the committee's purpose, participants, and whether it needs a recurring 2027 cadence. | MVP 1 Calendar Planning and Executive Scheduling Rulebook: The Program Committee was referenced in discovery, but no clean recurring 2027 cadence is documented.
Board Orientation Window	Board	Prepare new Board members for service.	Board / Executive Administration	New Board Members	Semi-Annual	Friday	2nd	Hybrid	Informational	Movable	Needs validation	To confirm	2027-01-01 10:00	90	New Board member onboarding need must be confirmed.	Cadence detail: April and October window | Frequency detail: Second Friday in April; October | Default month(s): April; October | Modality to confirm; Hybrid used as temporary SharePoint choice value. | Downstream dependency: New Board member readiness. | Holiday handling: Do not schedule on observed holidays; use another business day in the orientation window. | 2026 Board Calendar: 2026 held orientation windows on the second Friday in April and October. | MVP 1 Calendar Planning and Executive Scheduling Rulebook C.7: Confirm whether standing windows are needed in 2027.
Executive Team Meeting	Executive	Define and manage LSS strategy and make organization-wide decisions.	CEO	Executive Team	Weekly	Monday		Hybrid	Core required	Movable with approval	Confirmed	To confirm	2027-01-01 09:00	90	None documented.	Cadence detail: Weekly Monday | Frequency detail: Every week | Default month(s): All months | Modality to confirm; Hybrid used as temporary SharePoint choice value. | Downstream dependency: Executive decisions and direction for organization-wide planning. | Holiday handling: Automatically move Monday federal holiday occurrences to the nearest valid business day for draft review. | Assumptions: A-TIMES | Meeting Matrix — Strategy, Values and Operations: Weekly L-10 meeting lasting 1.5 hours. | MVP 1 Calendar Planning and Executive Scheduling Rulebook D.1: Monday is the normal day; holiday occurrences require an alternative.
Executive Team Quarterly Retreat	Executive	Review results and set quarterly priorities or Rocks.	CEO	Executive Team	Quarterly			In-person	Full required	Fixed — Executive approval required to move	Needs validation	To confirm	2027-01-01 09:00	240	Quarterly results and planning inputs.	Cadence detail: Quarterly Friday near quarter boundary | Frequency detail: Fixed dates: 2027-03-26; 2027-06-25; 2027-09-24; 2027-12-17 | Default month(s): March; June; September; December | Downstream dependency: Quarterly priorities / Rocks. | Holiday handling: Do not schedule on observed holidays or projected LSS closures unless explicitly approved. | Meeting Matrix — Strategy, Values and Operations: Quarterly, four hours, by the end of the first week of the quarter; June annual planning noted. | MVP 1 Calendar Planning and Executive Scheduling Rulebook D.2: Discovery described Fridays near quarter-end; the exact rule is unresolved.
Leadership Team Meeting	Organization	Align program and functional leadership on strategy and priorities.	CEO	Executive Team, Program Directors, Functional Leaders	Monthly	Thursday	2nd	Virtual	Core required	Movable with approval	2026 baseline	Microsoft Teams	2027-01-01 10:00	60	Executive Team direction.	Cadence detail: Monthly second Thursday | Frequency detail: Second Thursday in January; February; March; April; May; June; July; August; September; October; November; December | Default month(s): January; February; March; April; May; June; July; August; September; October; November; December | Downstream dependency: Program and functional leadership alignment. | Holiday handling: Do not schedule on observed holidays; select a business-day alternative. | 2026 LSS Meetings Calendar — detailed meeting sheet: February–December follow the second Thursday; January 2026 was a Friday anomaly. | MVP 1 Calendar Planning and Executive Scheduling Rulebook D.3: January exception requires explanation.
Leadership Team Retreat	Organization	Fine-tune organizational strategy and priorities.	CEO / VPs	Leadership Team	Semi-Annual			In-person	Full required	Fixed — Executive approval required to move	Needs validation	To confirm	2027-01-01 09:00	240	Executive priorities and retreat timing must be coordinated.	Cadence detail: Twice yearly | Frequency detail: Fixed dates: 2027-01-07; 2027-09-09 | Default month(s): January; September | Downstream dependency: Organizational strategy and priority alignment. | Holiday handling: Do not schedule on observed holidays; retreat may replace monthly Leadership meeting if approved. | September's historical sources disagree, and the 2027 projection overlaps the monthly Leadership Team meeting. | 2026 LSS Meetings Calendar — detailed meeting sheet: 2026 detail tab lists January 7 and September 10; the master grid lists September 11. | MVP 1 Calendar Planning and Executive Scheduling Rulebook D.4: The relationship to Executive Retreats and monthly Leadership meetings is unresolved.
All Staff Meeting	Organization	Share organizational status and reinforce LSS mission and values.	Executive Team	All LSS Staff	Quarterly	Wednesday	3rd	Virtual	Informational	Movable with approval	Needs validation	Microsoft Teams	2027-01-01 10:00	60	Leadership message and source pattern must be validated.	Cadence detail: Quarterly; third Wednesday | Frequency detail: Third Wednesday in January; April; July; October | Default month(s): January; April; July; October | Downstream dependency: Organization-wide communication. | Holiday handling: Do not schedule on observed holidays; select a business-day alternative. | The two current sources disagree on both months and duration. | Assumptions: A-PRECEDENCE | 2026 LSS Meetings Calendar — detailed meeting sheet: January/April/July/October, third Wednesday, one hour. | Meeting Matrix — Strategy, Values and Operations: February/May/August/November, 45 minutes. | MVP 1 Calendar Planning and Executive Scheduling Rulebook D.5: Use detailed sheet as the POC baseline and validate the 2027 rule.
Quarterly Program Briefing — date TBD	Organization	Provide program updates and reinforce LSS mission and priorities.	Program Directors / Internal Communications	Program Staff	Quarterly			Hybrid	Preferred	Movable	Open Question	To confirm		60	Program Director date-selection rule and event count required.	Cadence detail: Second month of each quarter; owner selects date | Frequency detail: Month reserved only; final date rule needed. Second month of each quarter; owner selects date | Default month(s): February; May; August; November | Modality to confirm; Hybrid used as temporary SharePoint choice value. | Attendance rule to confirm; Preferred used as temporary SharePoint choice value. | Downstream dependency: Program updates and mission/priorities communication. | Holiday handling: Reserve month only until final date rule is supplied. | 2026 LSS Meetings Calendar — detailed meeting sheet: February, May, August, and November; Program Directors select exact dates. | Meeting Matrix — Strategy, Values and Operations: A different quarterly month pattern is listed and a results dependency is questioned. | MVP 1 Calendar Planning and Executive Scheduling Rulebook D.6: The agent may reserve the month but must not invent a final date.
Supervisory Team Meeting	Organization	Cascade organizational information and initiatives to supervisors.	Executive Team	LSS Supervisors	3x/Year	Thursday	Last	In-person	Preferred	Movable with approval	Needs validation	To confirm	2027-01-01 09:00	210	Frequency must be validated: three meetings vs quarterly.	Cadence detail: Three times yearly; last Thursday | Frequency detail: Last Thursday in February; May; October | Default month(s): February; May; October | Attendance rule to confirm; Preferred used as temporary SharePoint choice value. | Downstream dependency: Supervisor communication cascade. | Holiday handling: Do not schedule on observed holidays; select a business-day alternative. | 2026 LSS Meetings Calendar — detailed meeting sheet: February, May, and October; last Thursday; 3.5 hours in person. | Meeting Matrix — Strategy, Values and Operations: Describes the meeting as quarterly without matching timing detail. | MVP 1 Calendar Planning and Executive Scheduling Rulebook D.7: Frequency must be validated for 2027.
Operations Meeting	Organization	Review financial results, service delivery, KPIs, and quality.	CEO	Executive Team and Program Directors	Quarterly	Wednesday	3rd	In-person	Core required	Movable with approval	Needs validation	To confirm	2027-01-01 10:00	45	Financial results, service delivery, KPI, and quality data availability.	Cadence detail: Third Wednesday and Thursday of quarter's third month | Frequency detail: Third Wednesday and following day in March; June; September; December | Default month(s): March; June; September; December | Downstream dependency: Operations review and potential leadership action. | Holiday handling: Do not schedule on observed holidays; data dependencies may override normal cadence. | The reason for two dates, number of program sessions, and data dependencies are missing. | 2026 LSS Meetings Calendar — detailed meeting sheet: Two 45-minute in-person dates per quarter in March, June, September, and December. | Meeting Matrix — Strategy, Values and Operations: Bi-monthly or quarterly, fourth Wednesday, 30 minutes — a conflicting pattern. | MVP 1 Calendar Planning and Executive Scheduling Rulebook D.8: Use detailed sheet for the POC and validate structure.
BVR Meeting Slots — mapping needed	Organization	Program-level financial deep dive.	To confirm	Program and financial leaders — mapping required	Monthly			Virtual	Preferred	Movable with approval	Open Question	Microsoft Teams		30	Program-to-slot map is required.	Cadence detail: Monthly second Tuesday/Wednesday | Frequency detail: Month reserved only; final date rule needed. Monthly second Tuesday/Wednesday | Default month(s): January; February; March; April; May; June; July; August; September; October; November; December | Attendance rule to confirm; Preferred used as temporary SharePoint choice value. | Downstream dependency: Program-level financial deep dives. | Holiday handling: Reserve month only until program owner and slot mapping are supplied. | 2026 LSS Meetings Calendar — detailed meeting sheet: Monthly, second Tuesday/Wednesday, 30 minutes, virtual; master dates are inconsistent. | MVP 1 Calendar Planning and Executive Scheduling Rulebook D.9: Do not create the complete monthly set until the program-to-slot mapping is supplied.
Internal Risk Committee	Committee	Purpose and governance relationship are not documented.	To confirm	To confirm	Quarterly	Thursday	3rd	In-person	Preferred	Movable with approval	Open Question	To confirm	2027-01-01 10:00	90	Purpose, owner, attendees, representation, and Board relationship must be defined.	Cadence detail: Quarterly; third Thursday in first month | Frequency detail: Third Thursday in January; April; July; October | Default month(s): January; April; July; October | Attendance rule to confirm; Preferred used as temporary SharePoint choice value. | Downstream dependency: Risk governance actions once defined. | Holiday handling: Do not schedule on observed holidays; no final rule until governance relationship is confirmed. | 2026 LSS Meetings Calendar — detailed meeting sheet: The tab states third Thursday, but January 22, 2026 was the fourth Thursday; October appears only in the detail tab. | MVP 1 Calendar Planning and Executive Scheduling Rulebook D.10: Purpose, owner, attendees, representation, and Board relationship are open.
