Title,EventId,MeetingId,Date,OriginalDate,Time,Abbreviation,Category,Status,RuleStatus,Leader,Attendees,DurationMinutes,Modality,Location,Conflicts,Alternatives,Assumptions,Explanation
BVR Meeting Slots — mapping needed,bvr-2027-01-01-1,bvr,2027-01 date TBD,2027-01-01,TBD,BVR,organization,blocked,open_question,To confirm,Program and financial leaders — mapping required,30,Virtual,Microsoft Teams,A final date cannot be generated.,,,"A final date cannot be generated. The program-to-slot map, ownership, and complete monthly pattern are missing."
Executive Team Meeting,executive-team-2027-01-04-1,executive-team,2027-01-04,2027-01-04,09:00,ET,executive,ready,confirmed,CEO,Executive Team,90,To confirm,To confirm,,,A-TIMES,The proposed date follows the weekly monday baseline with no detected conflict in the uploaded POC data.
Leadership Team Retreat,leadership-retreat-2027-01-07-1,leadership-retreat,2027-01-07,2027-01-07,09:00,LTR,organization,needs_decision,needs_validation,CEO / VPs,Leadership Team,240,In person,To confirm,"September's historical sources disagree, and the 2027 projection overlaps the monthly Leadership Team meeting.",,,"September's historical sources disagree, and the 2027 projection overlaps the monthly Leadership Team meeting. The POC preserves this issue for leadership review rather than inventing a permanent rule."
Executive Team Meeting,executive-team-2027-01-11-2,executive-team,2027-01-11,2027-01-11,09:00,ET,executive,ready,confirmed,CEO,Executive Team,90,To confirm,To confirm,,,A-TIMES,The proposed date follows the weekly monday baseline with no detected conflict in the uploaded POC data.
Full Board Meeting,full-board-2027-01-12-1,full-board,2027-01-12,2027-01-12,17:00,BOARD,board,needs_decision,needs_validation,Board Chair / CEO,Full Board,120,In person,LSS — location to confirm,This 2027 recurrence is not yet approved.,,A-BOARD,This 2027 recurrence is not yet approved. The POC generated the date from historical evidence or recent direction and preserves it as a scenario choice.
Leadership Team Meeting,leadership-team-2027-01-14-1,leadership-team,2027-01-14,2027-01-14,10:00,LTM,organization,ready,2026_baseline,CEO,"Executive Team, Program Directors, Functional Leaders",60,Virtual,Microsoft Teams,,,,The proposed date follows the monthly second thursday baseline with no detected conflict in the uploaded POC data.
Executive Team Meeting,executive-team-2027-01-18-3,executive-team,2027-01-19,2027-01-18,09:00,ET,executive,ready,confirmed,CEO,Executive Team,90,To confirm,To confirm,Automatically moved off Martin Luther King Jr. Day.,,A-TIMES,Automatically moved off Martin Luther King Jr. Day. The recurrence originally landed on 2027-01-18. The confirmed federal hard stop moved this draft occurrence to 2027-01-19.
All Staff Meeting,all-staff-2027-01-20-1,all-staff,2027-01-20,2027-01-20,10:00,ASM,organization,needs_decision,needs_validation,Executive Team,All LSS Staff,60,Virtual,Microsoft Teams,The two current sources disagree on both months and duration.,,A-PRECEDENCE,The two current sources disagree on both months and duration. The POC preserves this issue for leadership review rather than inventing a permanent rule.
Internal Risk Committee,internal-risk-2027-01-21-1,internal-risk,2027-01-21,2027-01-21,10:00,IR,committee,blocked,open_question,To confirm,To confirm,90,In person,To confirm,Required rule fields are incomplete.,,,"Required rule fields are incomplete. This date is visible as a planning position only. Its owner, purpose, attendance, dependency, or recurrence must be resolved before use."
Executive Team Meeting,executive-team-2027-01-25-4,executive-team,2027-01-25,2027-01-25,09:00,ET,executive,ready,confirmed,CEO,Executive Team,90,To confirm,To confirm,,,A-TIMES,The proposed date follows the weekly monday baseline with no detected conflict in the uploaded POC data.
Administration & Finance Committee,finance-committee-2027-01-26-1,finance-committee,2027-01-26,2027-01-26,17:00,A&F,committee,blocked,needs_validation,Administration & Finance Committee Chair,Administration & Finance Committee,90,To confirm,To confirm,"The 2027 budget deadline, exact data-ready date, and which items require Board action are missing.",,,"The 2027 budget deadline, exact data-ready date, and which items require Board action are missing. The POC preserves this issue for leadership review rather than inventing a permanent rule."
Quarterly Program Briefing — date TBD,program-briefing-2027-02-01-1,program-briefing,2027-02 date TBD,2027-02-01,TBD,QPB,organization,blocked,open_question,Program Directors / Internal Communications,Program Staff,60,To confirm,To confirm,A final date cannot be generated.,,,A final date cannot be generated. The responsible owner must supply the date-selection rule and event count.
BVR Meeting Slots — mapping needed,bvr-2027-02-01-2,bvr,2027-02 date TBD,2027-02-01,TBD,BVR,organization,blocked,open_question,To confirm,Program and financial leaders — mapping required,30,Virtual,Microsoft Teams,A final date cannot be generated.,,,"A final date cannot be generated. The program-to-slot map, ownership, and complete monthly pattern are missing."
Executive Team Meeting,executive-team-2027-02-01-5,executive-team,2027-02-01,2027-02-01,09:00,ET,executive,ready,confirmed,CEO,Executive Team,90,To confirm,To confirm,,,A-TIMES,The proposed date follows the weekly monday baseline with no detected conflict in the uploaded POC data.
Talent & Risk Management Committee,talent-risk-2027-02-02-1,talent-risk,2027-02-02,2027-02-02,17:00,T&R,committee,needs_decision,needs_validation,Committee Chair,Talent & Risk Management Committee,90,To confirm,To confirm,This 2027 recurrence is not yet approved.,,,This 2027 recurrence is not yet approved. The POC generated the date from historical evidence or recent direction and preserves it as a scenario choice.
Executive Team Meeting,executive-team-2027-02-08-6,executive-team,2027-02-08,2027-02-08,09:00,ET,executive,ready,confirmed,CEO,Executive Team,90,To confirm,To confirm,,,A-TIMES,The proposed date follows the weekly monday baseline with no detected conflict in the uploaded POC data.
Board Critical Issue Check-in,critical-checkin-2027-02-09-1,critical-checkin,2027-02-09,2027-02-09,17:00,BCI,board,needs_decision,needs_validation,Board Chair / CEO,Full Board,30,Virtual,Microsoft Teams,This 2027 recurrence is not yet approved.,,A-BOARD,This 2027 recurrence is not yet approved. The POC generated the date from historical evidence or recent direction and preserves it as a scenario choice.
Leadership Team Meeting,leadership-team-2027-02-11-2,leadership-team,2027-02-11,2027-02-11,10:00,LTM,organization,ready,2026_baseline,CEO,"Executive Team, Program Directors, Functional Leaders",60,Virtual,Microsoft Teams,,,,The proposed date follows the monthly second thursday baseline with no detected conflict in the uploaded POC data.
Executive Team Meeting,executive-team-2027-02-15-7,executive-team,2027-02-16,2027-02-15,09:00,ET,executive,ready,confirmed,CEO,Executive Team,90,To confirm,To confirm,Automatically moved off Washington's Birthday.,,A-TIMES,Automatically moved off Washington's Birthday. The recurrence originally landed on 2027-02-15. The confirmed federal hard stop moved this draft occurrence to 2027-02-16.
Executive Team Meeting,executive-team-2027-02-22-8,executive-team,2027-02-22,2027-02-22,09:00,ET,executive,ready,confirmed,CEO,Executive Team,90,To confirm,To confirm,,,A-TIMES,The proposed date follows the weekly monday baseline with no detected conflict in the uploaded POC data.
Executive Committee,executive-committee-2027-02-23-1,executive-committee,2027-02-23,2027-02-23,17:00,EXEC-C,committee,needs_decision,needs_validation,Board Chair,Executive Committee,90,To confirm,To confirm,This 2027 recurrence is not yet approved.,,,This 2027 recurrence is not yet approved. The POC generated the date from historical evidence or recent direction and preserves it as a scenario choice.
Supervisory Team Meeting,supervisory-team-2027-02-25-1,supervisory-team,2027-02-25,2027-02-25,09:00,STM,organization,needs_decision,needs_validation,Executive Team,LSS Supervisors,210,In person,To confirm,This 2027 recurrence is not yet approved.,,,This 2027 recurrence is not yet approved. The POC generated the date from historical evidence or recent direction and preserves it as a scenario choice.
BVR Meeting Slots — mapping needed,bvr-2027-03-01-3,bvr,2027-03 date TBD,2027-03-01,TBD,BVR,organization,blocked,open_question,To confirm,Program and financial leaders — mapping required,30,Virtual,Microsoft Teams,A final date cannot be generated.,,,"A final date cannot be generated. The program-to-slot map, ownership, and complete monthly pattern are missing."
Executive Team Meeting,executive-team-2027-03-01-9,executive-team,2027-03-01,2027-03-01,09:00,ET,executive,ready,confirmed,CEO,Executive Team,90,To confirm,To confirm,,,A-TIMES,The proposed date follows the weekly monday baseline with no detected conflict in the uploaded POC data.
Executive Team Meeting,executive-team-2027-03-08-10,executive-team,2027-03-08,2027-03-08,09:00,ET,executive,ready,confirmed,CEO,Executive Team,90,To confirm,To confirm,,,A-TIMES,The proposed date follows the weekly monday baseline with no detected conflict in the uploaded POC data.
Full Board Meeting,full-board-2027-03-09-2,full-board,2027-03-09,2027-03-09,17:00,BOARD,board,needs_decision,needs_validation,Board Chair / CEO,Full Board,120,In person,LSS — location to confirm,This 2027 recurrence is not yet approved.,,A-BOARD,This 2027 recurrence is not yet approved. The POC generated the date from historical evidence or recent direction and preserves it as a scenario choice.
Leadership Team Meeting,leadership-team-2027-03-11-3,leadership-team,2027-03-11,2027-03-11,10:00,LTM,organization,ready,2026_baseline,CEO,"Executive Team, Program Directors, Functional Leaders",60,Virtual,Microsoft Teams,,,,The proposed date follows the monthly second thursday baseline with no detected conflict in the uploaded POC data.
Executive Team Meeting,executive-team-2027-03-15-11,executive-team,2027-03-15,2027-03-15,09:00,ET,executive,ready,confirmed,CEO,Executive Team,90,To confirm,To confirm,,,A-TIMES,The proposed date follows the weekly monday baseline with no detected conflict in the uploaded POC data.
Health Center & Programs Committee,health-programs-2027-03-16-1,health-programs,2027-03-16,2027-03-16,17:00,H&P,committee,needs_decision,needs_validation,Committee Chair,Health Center & Programs Committee,90,To confirm,To confirm,This 2027 recurrence is not yet approved.,,,This 2027 recurrence is not yet approved. The POC generated the date from historical evidence or recent direction and preserves it as a scenario choice.
Operations Meeting,operations-2027-03-17-1,operations,2027-03-17,2027-03-17,10:00,OPS,organization,needs_decision,needs_validation,CEO,Executive Team and Program Directors,45,In person,To confirm,"The reason for two dates, number of program sessions, and data dependencies are missing.",,,"The reason for two dates, number of program sessions, and data dependencies are missing. The POC preserves this issue for leadership review rather than inventing a permanent rule."
Operations Meeting,operations-2027-03-18-2,operations,2027-03-18,2027-03-18,10:00,OPS,organization,needs_decision,needs_validation,CEO,Executive Team and Program Directors,45,In person,To confirm,"The reason for two dates, number of program sessions, and data dependencies are missing.",,,"The reason for two dates, number of program sessions, and data dependencies are missing. The POC preserves this issue for leadership review rather than inventing a permanent rule."
Executive Team Meeting,executive-team-2027-03-22-12,executive-team,2027-03-22,2027-03-22,09:00,ET,executive,ready,confirmed,CEO,Executive Team,90,To confirm,To confirm,,,A-TIMES,The proposed date follows the weekly monday baseline with no detected conflict in the uploaded POC data.
Administration & Finance Committee,finance-committee-2027-03-23-2,finance-committee,2027-03-23,2027-03-23,17:00,A&F,committee,blocked,needs_validation,Administration & Finance Committee Chair,Administration & Finance Committee,90,To confirm,To confirm,"The 2027 budget deadline, exact data-ready date, and which items require Board action are missing.",,,"The 2027 budget deadline, exact data-ready date, and which items require Board action are missing. The POC preserves this issue for leadership review rather than inventing a permanent rule."
Executive Team Quarterly Retreat,executive-retreat-2027-03-26-1,executive-retreat,2027-03-26,2027-03-26,09:00,ETR,executive,needs_decision,needs_validation,CEO,Executive Team,240,In person,To confirm,Good Friday falls on the proposed date. | This 2027 recurrence is not yet approved.,2027-03-29: Nearest valid business day after the holiday.,,Good Friday falls on the proposed date. This LSS closure is projected from 2026 and still requires confirmation.
Executive Team Meeting,executive-team-2027-03-29-13,executive-team,2027-03-29,2027-03-29,09:00,ET,executive,ready,confirmed,CEO,Executive Team,90,To confirm,To confirm,,,A-TIMES,The proposed date follows the weekly monday baseline with no detected conflict in the uploaded POC data.
BVR Meeting Slots — mapping needed,bvr-2027-04-01-4,bvr,2027-04 date TBD,2027-04-01,TBD,BVR,organization,blocked,open_question,To confirm,Program and financial leaders — mapping required,30,Virtual,Microsoft Teams,A final date cannot be generated.,,,"A final date cannot be generated. The program-to-slot map, ownership, and complete monthly pattern are missing."
Executive Team Meeting,executive-team-2027-04-05-14,executive-team,2027-04-05,2027-04-05,09:00,ET,executive,ready,confirmed,CEO,Executive Team,90,To confirm,To confirm,,,A-TIMES,The proposed date follows the weekly monday baseline with no detected conflict in the uploaded POC data.
Leadership Team Meeting,leadership-team-2027-04-08-4,leadership-team,2027-04-08,2027-04-08,10:00,LTM,organization,ready,2026_baseline,CEO,"Executive Team, Program Directors, Functional Leaders",60,Virtual,Microsoft Teams,,,,The proposed date follows the monthly second thursday baseline with no detected conflict in the uploaded POC data.
Board Orientation Window,board-orientation-2027-04-09-1,board-orientation,2027-04-09,2027-04-09,10:00,ORIENT,board,needs_decision,needs_validation,Board / Executive Administration,New Board Members,90,To confirm,To confirm,This 2027 recurrence is not yet approved.,,,This 2027 recurrence is not yet approved. The POC generated the date from historical evidence or recent direction and preserves it as a scenario choice.
Executive Team Meeting,executive-team-2027-04-12-15,executive-team,2027-04-12,2027-04-12,09:00,ET,executive,ready,confirmed,CEO,Executive Team,90,To confirm,To confirm,,,A-TIMES,The proposed date follows the weekly monday baseline with no detected conflict in the uploaded POC data.
Board Critical Issue Check-in,critical-checkin-2027-04-13-2,critical-checkin,2027-04-13,2027-04-13,17:00,BCI,board,needs_decision,needs_validation,Board Chair / CEO,Full Board,30,Virtual,Microsoft Teams,This 2027 recurrence is not yet approved.,,A-BOARD,This 2027 recurrence is not yet approved. The POC generated the date from historical evidence or recent direction and preserves it as a scenario choice.
Internal Risk Committee,internal-risk-2027-04-15-2,internal-risk,2027-04-15,2027-04-15,10:00,IR,committee,blocked,open_question,To confirm,To confirm,90,In person,To confirm,Required rule fields are incomplete.,,,"Required rule fields are incomplete. This date is visible as a planning position only. Its owner, purpose, attendance, dependency, or recurrence must be resolved before use."
Executive Team Meeting,executive-team-2027-04-19-16,executive-team,2027-04-19,2027-04-19,09:00,ET,executive,ready,confirmed,CEO,Executive Team,90,To confirm,To confirm,,,A-TIMES,The proposed date follows the weekly monday baseline with no detected conflict in the uploaded POC data.
All Staff Meeting,all-staff-2027-04-21-2,all-staff,2027-04-21,2027-04-21,10:00,ASM,organization,needs_decision,needs_validation,Executive Team,All LSS Staff,60,Virtual,Microsoft Teams,The two current sources disagree on both months and duration.,,A-PRECEDENCE,The two current sources disagree on both months and duration. The POC preserves this issue for leadership review rather than inventing a permanent rule.
Executive Team Meeting,executive-team-2027-04-26-17,executive-team,2027-04-26,2027-04-26,09:00,ET,executive,ready,confirmed,CEO,Executive Team,90,To confirm,To confirm,,,A-TIMES,The proposed date follows the weekly monday baseline with no detected conflict in the uploaded POC data.
Executive Committee,executive-committee-2027-04-27-2,executive-committee,2027-04-27,2027-04-27,17:00,EXEC-C,committee,needs_decision,needs_validation,Board Chair,Executive Committee,90,To confirm,To confirm,This 2027 recurrence is not yet approved.,,,This 2027 recurrence is not yet approved. The POC generated the date from historical evidence or recent direction and preserves it as a scenario choice.
Quarterly Program Briefing — date TBD,program-briefing-2027-05-01-2,program-briefing,2027-05 date TBD,2027-05-01,TBD,QPB,organization,blocked,open_question,Program Directors / Internal Communications,Program Staff,60,To confirm,To confirm,A final date cannot be generated.,,,A final date cannot be generated. The responsible owner must supply the date-selection rule and event count.
BVR Meeting Slots — mapping needed,bvr-2027-05-01-5,bvr,2027-05 date TBD,2027-05-01,TBD,BVR,organization,blocked,open_question,To confirm,Program and financial leaders — mapping required,30,Virtual,Microsoft Teams,A final date cannot be generated.,,,"A final date cannot be generated. The program-to-slot map, ownership, and complete monthly pattern are missing."
Executive Team Meeting,executive-team-2027-05-03-18,executive-team,2027-05-03,2027-05-03,09:00,ET,executive,ready,confirmed,CEO,Executive Team,90,To confirm,To confirm,,,A-TIMES,The proposed date follows the weekly monday baseline with no detected conflict in the uploaded POC data.
Talent & Risk Management Committee,talent-risk-2027-05-04-2,talent-risk,2027-05-04,2027-05-04,17:00,T&R,committee,needs_decision,needs_validation,Committee Chair,Talent & Risk Management Committee,90,To confirm,To confirm,This 2027 recurrence is not yet approved.,,,This 2027 recurrence is not yet approved. The POC generated the date from historical evidence or recent direction and preserves it as a scenario choice.
Executive Team Meeting,executive-team-2027-05-10-19,executive-team,2027-05-10,2027-05-10,09:00,ET,executive,ready,confirmed,CEO,Executive Team,90,To confirm,To confirm,,,A-TIMES,The proposed date follows the weekly monday baseline with no detected conflict in the uploaded POC data.
Board Retreat,board-retreat-2027-05-11-1,board-retreat,2027-05-11,2027-05-11,08:00,B-RET,board,needs_decision,needs_validation,Board Chair / CEO,Full Board,300,In person,LSS — location to confirm,This 2027 recurrence is not yet approved.,,A-BOARD,This 2027 recurrence is not yet approved. The POC generated the date from historical evidence or recent direction and preserves it as a scenario choice.
Leadership Team Meeting,leadership-team-2027-05-13-5,leadership-team,2027-05-13,2027-05-13,10:00,LTM,organization,ready,2026_baseline,CEO,"Executive Team, Program Directors, Functional Leaders",60,Virtual,Microsoft Teams,,,,The proposed date follows the monthly second thursday baseline with no detected conflict in the uploaded POC data.
Executive Team Meeting,executive-team-2027-05-17-20,executive-team,2027-05-17,2027-05-17,09:00,ET,executive,ready,confirmed,CEO,Executive Team,90,To confirm,To confirm,,,A-TIMES,The proposed date follows the weekly monday baseline with no detected conflict in the uploaded POC data.
Executive Team Meeting,executive-team-2027-05-24-21,executive-team,2027-05-24,2027-05-24,09:00,ET,executive,ready,confirmed,CEO,Executive Team,90,To confirm,To confirm,,,A-TIMES,The proposed date follows the weekly monday baseline with no detected conflict in the uploaded POC data.
Administration & Finance Committee,finance-committee-2027-05-25-3,finance-committee,2027-05-25,2027-05-25,17:00,A&F,committee,blocked,needs_validation,Administration & Finance Committee Chair,Administration & Finance Committee,90,To confirm,To confirm,"The 2027 budget deadline, exact data-ready date, and which items require Board action are missing.",,,"The 2027 budget deadline, exact data-ready date, and which items require Board action are missing. The POC preserves this issue for leadership review rather than inventing a permanent rule."
Supervisory Team Meeting,supervisory-team-2027-05-27-2,supervisory-team,2027-05-27,2027-05-27,09:00,STM,organization,needs_decision,needs_validation,Executive Team,LSS Supervisors,210,In person,To confirm,This 2027 recurrence is not yet approved.,,,This 2027 recurrence is not yet approved. The POC generated the date from historical evidence or recent direction and preserves it as a scenario choice.
BVR Meeting Slots — mapping needed,bvr-2027-06-01-6,bvr,2027-06 date TBD,2027-06-01,TBD,BVR,organization,blocked,open_question,To confirm,Program and financial leaders — mapping required,30,Virtual,Microsoft Teams,A final date cannot be generated.,,,"A final date cannot be generated. The program-to-slot map, ownership, and complete monthly pattern are missing."
Executive Team Meeting,executive-team-2027-05-31-22,executive-team,2027-06-01,2027-05-31,09:00,ET,executive,ready,confirmed,CEO,Executive Team,90,To confirm,To confirm,Automatically moved off Memorial Day.,,A-TIMES,Automatically moved off Memorial Day. The recurrence originally landed on 2027-05-31. The confirmed federal hard stop moved this draft occurrence to 2027-06-01.
Executive Team Meeting,executive-team-2027-06-07-23,executive-team,2027-06-07,2027-06-07,09:00,ET,executive,ready,confirmed,CEO,Executive Team,90,To confirm,To confirm,,,A-TIMES,The proposed date follows the weekly monday baseline with no detected conflict in the uploaded POC data.
Board Critical Issue Check-in,critical-checkin-2027-06-08-3,critical-checkin,2027-06-08,2027-06-08,17:00,BCI,board,needs_decision,needs_validation,Board Chair / CEO,Full Board,30,Virtual,Microsoft Teams,This 2027 recurrence is not yet approved.,,A-BOARD,This 2027 recurrence is not yet approved. The POC generated the date from historical evidence or recent direction and preserves it as a scenario choice.
Leadership Team Meeting,leadership-team-2027-06-10-6,leadership-team,2027-06-10,2027-06-10,10:00,LTM,organization,ready,2026_baseline,CEO,"Executive Team, Program Directors, Functional Leaders",60,Virtual,Microsoft Teams,,,,The proposed date follows the monthly second thursday baseline with no detected conflict in the uploaded POC data.
Executive Team Meeting,executive-team-2027-06-14-24,executive-team,2027-06-14,2027-06-14,09:00,ET,executive,ready,confirmed,CEO,Executive Team,90,To confirm,To confirm,,,A-TIMES,The proposed date follows the weekly monday baseline with no detected conflict in the uploaded POC data.
Health Center & Programs Committee,health-programs-2027-06-15-2,health-programs,2027-06-15,2027-06-15,17:00,H&P,committee,needs_decision,needs_validation,Committee Chair,Health Center & Programs Committee,90,To confirm,To confirm,This 2027 recurrence is not yet approved.,,,This 2027 recurrence is not yet approved. The POC generated the date from historical evidence or recent direction and preserves it as a scenario choice.
Operations Meeting,operations-2027-06-16-3,operations,2027-06-16,2027-06-16,10:00,OPS,organization,needs_decision,needs_validation,CEO,Executive Team and Program Directors,45,In person,To confirm,"The reason for two dates, number of program sessions, and data dependencies are missing.",,,"The reason for two dates, number of program sessions, and data dependencies are missing. The POC preserves this issue for leadership review rather than inventing a permanent rule."
Operations Meeting,operations-2027-06-17-4,operations,2027-06-17,2027-06-17,10:00,OPS,organization,needs_decision,needs_validation,CEO,Executive Team and Program Directors,45,In person,To confirm,"The reason for two dates, number of program sessions, and data dependencies are missing.",,,"The reason for two dates, number of program sessions, and data dependencies are missing. The POC preserves this issue for leadership review rather than inventing a permanent rule."
Executive Team Meeting,executive-team-2027-06-21-25,executive-team,2027-06-21,2027-06-21,09:00,ET,executive,ready,confirmed,CEO,Executive Team,90,To confirm,To confirm,,,A-TIMES,The proposed date follows the weekly monday baseline with no detected conflict in the uploaded POC data.
Executive Committee,executive-committee-2027-06-22-3,executive-committee,2027-06-22,2027-06-22,17:00,EXEC-C,committee,needs_decision,needs_validation,Board Chair,Executive Committee,90,To confirm,To confirm,This 2027 recurrence is not yet approved.,,,This 2027 recurrence is not yet approved. The POC generated the date from historical evidence or recent direction and preserves it as a scenario choice.
Executive Team Quarterly Retreat,executive-retreat-2027-06-25-2,executive-retreat,2027-06-25,2027-06-25,09:00,ETR,executive,needs_decision,needs_validation,CEO,Executive Team,240,In person,To confirm,This 2027 recurrence is not yet approved.,,,This 2027 recurrence is not yet approved. The POC generated the date from historical evidence or recent direction and preserves it as a scenario choice.
Executive Team Meeting,executive-team-2027-06-28-26,executive-team,2027-06-28,2027-06-28,09:00,ET,executive,ready,confirmed,CEO,Executive Team,90,To confirm,To confirm,,,A-TIMES,The proposed date follows the weekly monday baseline with no detected conflict in the uploaded POC data.
BVR Meeting Slots — mapping needed,bvr-2027-07-01-7,bvr,2027-07 date TBD,2027-07-01,TBD,BVR,organization,blocked,open_question,To confirm,Program and financial leaders — mapping required,30,Virtual,Microsoft Teams,A final date cannot be generated.,,,"A final date cannot be generated. The program-to-slot map, ownership, and complete monthly pattern are missing."
Executive Team Meeting,executive-team-2027-07-05-27,executive-team,2027-07-06,2027-07-05,09:00,ET,executive,ready,confirmed,CEO,Executive Team,90,To confirm,To confirm,Automatically moved off Independence Day — observed.,,A-TIMES,Automatically moved off Independence Day — observed. The recurrence originally landed on 2027-07-05. The confirmed federal hard stop moved this draft occurrence to 2027-07-06.
Leadership Team Meeting,leadership-team-2027-07-08-7,leadership-team,2027-07-08,2027-07-08,10:00,LTM,organization,ready,2026_baseline,CEO,"Executive Team, Program Directors, Functional Leaders",60,Virtual,Microsoft Teams,,,,The proposed date follows the monthly second thursday baseline with no detected conflict in the uploaded POC data.
Executive Team Meeting,executive-team-2027-07-12-28,executive-team,2027-07-12,2027-07-12,09:00,ET,executive,ready,confirmed,CEO,Executive Team,90,To confirm,To confirm,,,A-TIMES,The proposed date follows the weekly monday baseline with no detected conflict in the uploaded POC data.
Full Board Meeting,full-board-2027-07-13-3,full-board,2027-07-13,2027-07-13,17:00,BOARD,board,needs_decision,needs_validation,Board Chair / CEO,Full Board,120,In person,LSS — location to confirm,This 2027 recurrence is not yet approved.,,A-BOARD,This 2027 recurrence is not yet approved. The POC generated the date from historical evidence or recent direction and preserves it as a scenario choice.
Internal Risk Committee,internal-risk-2027-07-15-3,internal-risk,2027-07-15,2027-07-15,10:00,IR,committee,blocked,open_question,To confirm,To confirm,90,In person,To confirm,Required rule fields are incomplete.,,,"Required rule fields are incomplete. This date is visible as a planning position only. Its owner, purpose, attendance, dependency, or recurrence must be resolved before use."
Executive Team Meeting,executive-team-2027-07-19-29,executive-team,2027-07-19,2027-07-19,09:00,ET,executive,ready,confirmed,CEO,Executive Team,90,To confirm,To confirm,,,A-TIMES,The proposed date follows the weekly monday baseline with no detected conflict in the uploaded POC data.
All Staff Meeting,all-staff-2027-07-21-3,all-staff,2027-07-21,2027-07-21,10:00,ASM,organization,needs_decision,needs_validation,Executive Team,All LSS Staff,60,Virtual,Microsoft Teams,The two current sources disagree on both months and duration.,,A-PRECEDENCE,The two current sources disagree on both months and duration. The POC preserves this issue for leadership review rather than inventing a permanent rule.
Executive Team Meeting,executive-team-2027-07-26-30,executive-team,2027-07-26,2027-07-26,09:00,ET,executive,ready,confirmed,CEO,Executive Team,90,To confirm,To confirm,,,A-TIMES,The proposed date follows the weekly monday baseline with no detected conflict in the uploaded POC data.
Administration & Finance Committee,finance-committee-2027-07-27-4,finance-committee,2027-07-27,2027-07-27,17:00,A&F,committee,blocked,needs_validation,Administration & Finance Committee Chair,Administration & Finance Committee,90,To confirm,To confirm,"The 2027 budget deadline, exact data-ready date, and which items require Board action are missing.",,,"The 2027 budget deadline, exact data-ready date, and which items require Board action are missing. The POC preserves this issue for leadership review rather than inventing a permanent rule."
Quarterly Program Briefing — date TBD,program-briefing-2027-08-01-3,program-briefing,2027-08 date TBD,2027-08-01,TBD,QPB,organization,blocked,open_question,Program Directors / Internal Communications,Program Staff,60,To confirm,To confirm,A final date cannot be generated.,,,A final date cannot be generated. The responsible owner must supply the date-selection rule and event count.
BVR Meeting Slots — mapping needed,bvr-2027-08-01-8,bvr,2027-08 date TBD,2027-08-01,TBD,BVR,organization,blocked,open_question,To confirm,Program and financial leaders — mapping required,30,Virtual,Microsoft Teams,A final date cannot be generated.,,,"A final date cannot be generated. The program-to-slot map, ownership, and complete monthly pattern are missing."
Executive Team Meeting,executive-team-2027-08-02-31,executive-team,2027-08-02,2027-08-02,09:00,ET,executive,ready,confirmed,CEO,Executive Team,90,To confirm,To confirm,,,A-TIMES,The proposed date follows the weekly monday baseline with no detected conflict in the uploaded POC data.
Talent & Risk Management Committee,talent-risk-2027-08-03-3,talent-risk,2027-08-03,2027-08-03,17:00,T&R,committee,needs_decision,needs_validation,Committee Chair,Talent & Risk Management Committee,90,To confirm,To confirm,This 2027 recurrence is not yet approved.,,,This 2027 recurrence is not yet approved. The POC generated the date from historical evidence or recent direction and preserves it as a scenario choice.
Executive Team Meeting,executive-team-2027-08-09-32,executive-team,2027-08-09,2027-08-09,09:00,ET,executive,ready,confirmed,CEO,Executive Team,90,To confirm,To confirm,,,A-TIMES,The proposed date follows the weekly monday baseline with no detected conflict in the uploaded POC data.
Board Critical Issue Check-in,critical-checkin-2027-08-10-4,critical-checkin,2027-08-10,2027-08-10,17:00,BCI,board,needs_decision,needs_validation,Board Chair / CEO,Full Board,30,Virtual,Microsoft Teams,This 2027 recurrence is not yet approved.,,A-BOARD,This 2027 recurrence is not yet approved. The POC generated the date from historical evidence or recent direction and preserves it as a scenario choice.
Leadership Team Meeting,leadership-team-2027-08-12-8,leadership-team,2027-08-12,2027-08-12,10:00,LTM,organization,ready,2026_baseline,CEO,"Executive Team, Program Directors, Functional Leaders",60,Virtual,Microsoft Teams,,,,The proposed date follows the monthly second thursday baseline with no detected conflict in the uploaded POC data.
Executive Team Meeting,executive-team-2027-08-16-33,executive-team,2027-08-16,2027-08-16,09:00,ET,executive,ready,confirmed,CEO,Executive Team,90,To confirm,To confirm,,,A-TIMES,The proposed date follows the weekly monday baseline with no detected conflict in the uploaded POC data.
Executive Team Meeting,executive-team-2027-08-23-34,executive-team,2027-08-23,2027-08-23,09:00,ET,executive,ready,confirmed,CEO,Executive Team,90,To confirm,To confirm,,,A-TIMES,The proposed date follows the weekly monday baseline with no detected conflict in the uploaded POC data.
Executive Committee,executive-committee-2027-08-24-4,executive-committee,2027-08-24,2027-08-24,17:00,EXEC-C,committee,needs_decision,needs_validation,Board Chair,Executive Committee,90,To confirm,To confirm,This 2027 recurrence is not yet approved.,,,This 2027 recurrence is not yet approved. The POC generated the date from historical evidence or recent direction and preserves it as a scenario choice.
Executive Team Meeting,executive-team-2027-08-30-35,executive-team,2027-08-30,2027-08-30,09:00,ET,executive,ready,confirmed,CEO,Executive Team,90,To confirm,To confirm,,,A-TIMES,The proposed date follows the weekly monday baseline with no detected conflict in the uploaded POC data.
BVR Meeting Slots — mapping needed,bvr-2027-09-01-9,bvr,2027-09 date TBD,2027-09-01,TBD,BVR,organization,blocked,open_question,To confirm,Program and financial leaders — mapping required,30,Virtual,Microsoft Teams,A final date cannot be generated.,,,"A final date cannot be generated. The program-to-slot map, ownership, and complete monthly pattern are missing."
Executive Team Meeting,executive-team-2027-09-06-36,executive-team,2027-09-07,2027-09-06,09:00,ET,executive,ready,confirmed,CEO,Executive Team,90,To confirm,To confirm,Automatically moved off Labor Day.,,A-TIMES,Automatically moved off Labor Day. The recurrence originally landed on 2027-09-06. The confirmed federal hard stop moved this draft occurrence to 2027-09-07.
Leadership Team Retreat,leadership-retreat-2027-09-09-2,leadership-retreat,2027-09-09,2027-09-09,09:00,LTR,organization,needs_decision,needs_validation,CEO / VPs,Leadership Team,240,In person,To confirm,"September's historical sources disagree, and the 2027 projection overlaps the monthly Leadership Team meeting.",,,"September's historical sources disagree, and the 2027 projection overlaps the monthly Leadership Team meeting. The POC preserves this issue for leadership review rather than inventing a permanent rule."
Leadership Team Meeting,leadership-team-2027-09-09-9,leadership-team,2027-09-09,2027-09-09,10:00,LTM,organization,needs_decision,2026_baseline,CEO,"Executive Team, Program Directors, Functional Leaders",60,Virtual,Microsoft Teams,Leadership Team Meeting overlaps Leadership Team Retreat.,2027-09-16: Move the less-protected meeting one week while preserving its weekday.,,"Leadership Team Meeting overlaps Leadership Team Retreat. The more protected event remains anchored, so the draft proposes moving this occurrence while preserving its weekday."
Executive Team Meeting,executive-team-2027-09-13-37,executive-team,2027-09-13,2027-09-13,09:00,ET,executive,ready,confirmed,CEO,Executive Team,90,To confirm,To confirm,,,A-TIMES,The proposed date follows the weekly monday baseline with no detected conflict in the uploaded POC data.
Full Board Meeting,full-board-2027-09-14-4,full-board,2027-09-14,2027-09-14,17:00,BOARD,board,needs_decision,needs_validation,Board Chair / CEO,Full Board,120,In person,LSS — location to confirm,This 2027 recurrence is not yet approved.,,A-BOARD,This 2027 recurrence is not yet approved. The POC generated the date from historical evidence or recent direction and preserves it as a scenario choice.
Operations Meeting,operations-2027-09-15-5,operations,2027-09-15,2027-09-15,10:00,OPS,organization,needs_decision,needs_validation,CEO,Executive Team and Program Directors,45,In person,To confirm,"The reason for two dates, number of program sessions, and data dependencies are missing.",,,"The reason for two dates, number of program sessions, and data dependencies are missing. The POC preserves this issue for leadership review rather than inventing a permanent rule."
Operations Meeting,operations-2027-09-16-6,operations,2027-09-16,2027-09-16,10:00,OPS,organization,needs_decision,needs_validation,CEO,Executive Team and Program Directors,45,In person,To confirm,"The reason for two dates, number of program sessions, and data dependencies are missing.",,,"The reason for two dates, number of program sessions, and data dependencies are missing. The POC preserves this issue for leadership review rather than inventing a permanent rule."
Executive Team Meeting,executive-team-2027-09-20-38,executive-team,2027-09-20,2027-09-20,09:00,ET,executive,ready,confirmed,CEO,Executive Team,90,To confirm,To confirm,,,A-TIMES,The proposed date follows the weekly monday baseline with no detected conflict in the uploaded POC data.
Health Center & Programs Committee,health-programs-2027-09-21-3,health-programs,2027-09-21,2027-09-21,17:00,H&P,committee,needs_decision,needs_validation,Committee Chair,Health Center & Programs Committee,90,To confirm,To confirm,This 2027 recurrence is not yet approved.,,,This 2027 recurrence is not yet approved. The POC generated the date from historical evidence or recent direction and preserves it as a scenario choice.
Executive Team Quarterly Retreat,executive-retreat-2027-09-24-3,executive-retreat,2027-09-24,2027-09-24,09:00,ETR,executive,needs_decision,needs_validation,CEO,Executive Team,240,In person,To confirm,This 2027 recurrence is not yet approved.,,,This 2027 recurrence is not yet approved. The POC generated the date from historical evidence or recent direction and preserves it as a scenario choice.
Executive Team Meeting,executive-team-2027-09-27-39,executive-team,2027-09-27,2027-09-27,09:00,ET,executive,ready,confirmed,CEO,Executive Team,90,To confirm,To confirm,,,A-TIMES,The proposed date follows the weekly monday baseline with no detected conflict in the uploaded POC data.
Administration & Finance Committee,finance-committee-2027-09-28-5,finance-committee,2027-09-28,2027-09-28,17:00,A&F,committee,blocked,needs_validation,Administration & Finance Committee Chair,Administration & Finance Committee,90,To confirm,To confirm,"The 2027 budget deadline, exact data-ready date, and which items require Board action are missing.",,,"The 2027 budget deadline, exact data-ready date, and which items require Board action are missing. The POC preserves this issue for leadership review rather than inventing a permanent rule."
BVR Meeting Slots — mapping needed,bvr-2027-10-01-10,bvr,2027-10 date TBD,2027-10-01,TBD,BVR,organization,blocked,open_question,To confirm,Program and financial leaders — mapping required,30,Virtual,Microsoft Teams,A final date cannot be generated.,,,"A final date cannot be generated. The program-to-slot map, ownership, and complete monthly pattern are missing."
Executive Team Meeting,executive-team-2027-10-04-40,executive-team,2027-10-04,2027-10-04,09:00,ET,executive,ready,confirmed,CEO,Executive Team,90,To confirm,To confirm,,,A-TIMES,The proposed date follows the weekly monday baseline with no detected conflict in the uploaded POC data.
Board Orientation Window,board-orientation-2027-10-08-2,board-orientation,2027-10-08,2027-10-08,10:00,ORIENT,board,needs_decision,needs_validation,Board / Executive Administration,New Board Members,90,To confirm,To confirm,This 2027 recurrence is not yet approved.,,,This 2027 recurrence is not yet approved. The POC generated the date from historical evidence or recent direction and preserves it as a scenario choice.
Executive Team Meeting,executive-team-2027-10-11-41,executive-team,2027-10-12,2027-10-11,09:00,ET,executive,ready,confirmed,CEO,Executive Team,90,To confirm,To confirm,Automatically moved off Columbus Day.,,A-TIMES,Automatically moved off Columbus Day. The recurrence originally landed on 2027-10-11. The confirmed federal hard stop moved this draft occurrence to 2027-10-12.
Board Critical Issue Check-in,critical-checkin-2027-10-12-5,critical-checkin,2027-10-12,2027-10-12,17:00,BCI,board,needs_decision,needs_validation,Board Chair / CEO,Full Board,30,Virtual,Microsoft Teams,This 2027 recurrence is not yet approved.,,A-BOARD,This 2027 recurrence is not yet approved. The POC generated the date from historical evidence or recent direction and preserves it as a scenario choice.
Leadership Team Meeting,leadership-team-2027-10-14-10,leadership-team,2027-10-14,2027-10-14,10:00,LTM,organization,ready,2026_baseline,CEO,"Executive Team, Program Directors, Functional Leaders",60,Virtual,Microsoft Teams,,,,The proposed date follows the monthly second thursday baseline with no detected conflict in the uploaded POC data.
Executive Team Meeting,executive-team-2027-10-18-42,executive-team,2027-10-18,2027-10-18,09:00,ET,executive,ready,confirmed,CEO,Executive Team,90,To confirm,To confirm,,,A-TIMES,The proposed date follows the weekly monday baseline with no detected conflict in the uploaded POC data.
All Staff Meeting,all-staff-2027-10-20-4,all-staff,2027-10-20,2027-10-20,10:00,ASM,organization,needs_decision,needs_validation,Executive Team,All LSS Staff,60,Virtual,Microsoft Teams,The two current sources disagree on both months and duration.,,A-PRECEDENCE,The two current sources disagree on both months and duration. The POC preserves this issue for leadership review rather than inventing a permanent rule.
Internal Risk Committee,internal-risk-2027-10-21-4,internal-risk,2027-10-21,2027-10-21,10:00,IR,committee,blocked,open_question,To confirm,To confirm,90,In person,To confirm,Required rule fields are incomplete.,,,"Required rule fields are incomplete. This date is visible as a planning position only. Its owner, purpose, attendance, dependency, or recurrence must be resolved before use."
Executive Team Meeting,executive-team-2027-10-25-43,executive-team,2027-10-25,2027-10-25,09:00,ET,executive,ready,confirmed,CEO,Executive Team,90,To confirm,To confirm,,,A-TIMES,The proposed date follows the weekly monday baseline with no detected conflict in the uploaded POC data.
Executive Committee,executive-committee-2027-10-26-5,executive-committee,2027-10-26,2027-10-26,17:00,EXEC-C,committee,needs_decision,needs_validation,Board Chair,Executive Committee,90,To confirm,To confirm,This 2027 recurrence is not yet approved.,,,This 2027 recurrence is not yet approved. The POC generated the date from historical evidence or recent direction and preserves it as a scenario choice.
Supervisory Team Meeting,supervisory-team-2027-10-28-3,supervisory-team,2027-10-28,2027-10-28,09:00,STM,organization,needs_decision,needs_validation,Executive Team,LSS Supervisors,210,In person,To confirm,This 2027 recurrence is not yet approved.,,,This 2027 recurrence is not yet approved. The POC generated the date from historical evidence or recent direction and preserves it as a scenario choice.
Quarterly Program Briefing — date TBD,program-briefing-2027-11-01-4,program-briefing,2027-11 date TBD,2027-11-01,TBD,QPB,organization,blocked,open_question,Program Directors / Internal Communications,Program Staff,60,To confirm,To confirm,A final date cannot be generated.,,,A final date cannot be generated. The responsible owner must supply the date-selection rule and event count.
BVR Meeting Slots — mapping needed,bvr-2027-11-01-11,bvr,2027-11 date TBD,2027-11-01,TBD,BVR,organization,blocked,open_question,To confirm,Program and financial leaders — mapping required,30,Virtual,Microsoft Teams,A final date cannot be generated.,,,"A final date cannot be generated. The program-to-slot map, ownership, and complete monthly pattern are missing."
Executive Team Meeting,executive-team-2027-11-01-44,executive-team,2027-11-01,2027-11-01,09:00,ET,executive,ready,confirmed,CEO,Executive Team,90,To confirm,To confirm,,,A-TIMES,The proposed date follows the weekly monday baseline with no detected conflict in the uploaded POC data.
Talent & Risk Management Committee,talent-risk-2027-11-02-4,talent-risk,2027-11-02,2027-11-02,17:00,T&R,committee,needs_decision,needs_validation,Committee Chair,Talent & Risk Management Committee,90,To confirm,To confirm,This 2027 recurrence is not yet approved.,,,This 2027 recurrence is not yet approved. The POC generated the date from historical evidence or recent direction and preserves it as a scenario choice.
Executive Team Meeting,executive-team-2027-11-08-45,executive-team,2027-11-08,2027-11-08,09:00,ET,executive,ready,confirmed,CEO,Executive Team,90,To confirm,To confirm,,,A-TIMES,The proposed date follows the weekly monday baseline with no detected conflict in the uploaded POC data.
Board Retreat,board-retreat-2027-11-09-2,board-retreat,2027-11-09,2027-11-09,08:00,B-RET,board,needs_decision,needs_validation,Board Chair / CEO,Full Board,300,In person,LSS — location to confirm,This 2027 recurrence is not yet approved.,,A-BOARD,This 2027 recurrence is not yet approved. The POC generated the date from historical evidence or recent direction and preserves it as a scenario choice.
Leadership Team Meeting,leadership-team-2027-11-11-11,leadership-team,2027-11-12,2027-11-11,10:00,LTM,organization,ready,2026_baseline,CEO,"Executive Team, Program Directors, Functional Leaders",60,Virtual,Microsoft Teams,Automatically moved off Veterans Day.,,,Automatically moved off Veterans Day. The recurrence originally landed on 2027-11-11. The confirmed federal hard stop moved this draft occurrence to 2027-11-12.
Executive Team Meeting,executive-team-2027-11-15-46,executive-team,2027-11-15,2027-11-15,09:00,ET,executive,ready,confirmed,CEO,Executive Team,90,To confirm,To confirm,,,A-TIMES,The proposed date follows the weekly monday baseline with no detected conflict in the uploaded POC data.
Executive Team Meeting,executive-team-2027-11-22-47,executive-team,2027-11-22,2027-11-22,09:00,ET,executive,ready,confirmed,CEO,Executive Team,90,To confirm,To confirm,,,A-TIMES,The proposed date follows the weekly monday baseline with no detected conflict in the uploaded POC data.
Administration & Finance Committee,finance-committee-2027-11-23-6,finance-committee,2027-11-23,2027-11-23,17:00,A&F,committee,blocked,needs_validation,Administration & Finance Committee Chair,Administration & Finance Committee,90,To confirm,To confirm,"The 2027 budget deadline, exact data-ready date, and which items require Board action are missing.",,,"The 2027 budget deadline, exact data-ready date, and which items require Board action are missing. The POC preserves this issue for leadership review rather than inventing a permanent rule."
Executive Team Meeting,executive-team-2027-11-29-48,executive-team,2027-11-29,2027-11-29,09:00,ET,executive,ready,confirmed,CEO,Executive Team,90,To confirm,To confirm,,,A-TIMES,The proposed date follows the weekly monday baseline with no detected conflict in the uploaded POC data.
BVR Meeting Slots — mapping needed,bvr-2027-12-01-12,bvr,2027-12 date TBD,2027-12-01,TBD,BVR,organization,blocked,open_question,To confirm,Program and financial leaders — mapping required,30,Virtual,Microsoft Teams,A final date cannot be generated.,,,"A final date cannot be generated. The program-to-slot map, ownership, and complete monthly pattern are missing."
Executive Team Meeting,executive-team-2027-12-06-49,executive-team,2027-12-06,2027-12-06,09:00,ET,executive,ready,confirmed,CEO,Executive Team,90,To confirm,To confirm,,,A-TIMES,The proposed date follows the weekly monday baseline with no detected conflict in the uploaded POC data.
Leadership Team Meeting,leadership-team-2027-12-09-12,leadership-team,2027-12-09,2027-12-09,10:00,LTM,organization,ready,2026_baseline,CEO,"Executive Team, Program Directors, Functional Leaders",60,Virtual,Microsoft Teams,,,,The proposed date follows the monthly second thursday baseline with no detected conflict in the uploaded POC data.
Executive Team Meeting,executive-team-2027-12-13-50,executive-team,2027-12-13,2027-12-13,09:00,ET,executive,ready,confirmed,CEO,Executive Team,90,To confirm,To confirm,,,A-TIMES,The proposed date follows the weekly monday baseline with no detected conflict in the uploaded POC data.
Board Critical Issue Check-in,critical-checkin-2027-12-14-6,critical-checkin,2027-12-14,2027-12-14,17:00,BCI,board,needs_decision,needs_validation,Board Chair / CEO,Full Board,30,Virtual,Microsoft Teams,This 2027 recurrence is not yet approved.,,A-BOARD,This 2027 recurrence is not yet approved. The POC generated the date from historical evidence or recent direction and preserves it as a scenario choice.
Operations Meeting,operations-2027-12-15-7,operations,2027-12-15,2027-12-15,10:00,OPS,organization,needs_decision,needs_validation,CEO,Executive Team and Program Directors,45,In person,To confirm,"The reason for two dates, number of program sessions, and data dependencies are missing.",,,"The reason for two dates, number of program sessions, and data dependencies are missing. The POC preserves this issue for leadership review rather than inventing a permanent rule."
Operations Meeting,operations-2027-12-16-8,operations,2027-12-16,2027-12-16,10:00,OPS,organization,needs_decision,needs_validation,CEO,Executive Team and Program Directors,45,In person,To confirm,"The reason for two dates, number of program sessions, and data dependencies are missing.",,,"The reason for two dates, number of program sessions, and data dependencies are missing. The POC preserves this issue for leadership review rather than inventing a permanent rule."
Executive Team Quarterly Retreat,executive-retreat-2027-12-17-4,executive-retreat,2027-12-17,2027-12-17,09:00,ETR,executive,needs_decision,needs_validation,CEO,Executive Team,240,In person,To confirm,This 2027 recurrence is not yet approved.,,,This 2027 recurrence is not yet approved. The POC generated the date from historical evidence or recent direction and preserves it as a scenario choice.
Executive Team Meeting,executive-team-2027-12-20-51,executive-team,2027-12-20,2027-12-20,09:00,ET,executive,ready,confirmed,CEO,Executive Team,90,To confirm,To confirm,,,A-TIMES,The proposed date follows the weekly monday baseline with no detected conflict in the uploaded POC data.
Health Center & Programs Committee,health-programs-2027-12-21-4,health-programs,2027-12-21,2027-12-21,17:00,H&P,committee,needs_decision,needs_validation,Committee Chair,Health Center & Programs Committee,90,To confirm,To confirm,This 2027 recurrence is not yet approved.,,,This 2027 recurrence is not yet approved. The POC generated the date from historical evidence or recent direction and preserves it as a scenario choice.
Executive Team Meeting,executive-team-2027-12-27-52,executive-team,2027-12-27,2027-12-27,09:00,ET,executive,needs_decision,confirmed,CEO,Executive Team,90,To confirm,To confirm,The proposed date falls inside the projected year-end blackout.,2027-12-23: Nearest valid business day before the year-end blackout.,A-TIMES,The proposed date falls inside the projected year-end blackout. Routine governance and organizational meetings should not occur between Christmas and New Year without an explicit exception.
Executive Committee,executive-committee-2027-12-28-6,executive-committee,2027-12-28,2027-12-28,17:00,EXEC-C,committee,needs_decision,needs_validation,Board Chair,Executive Committee,90,To confirm,To confirm,The proposed date falls inside the projected year-end blackout. | This 2027 recurrence is not yet approved.,2027-12-23: Nearest valid business day before the year-end blackout.,,The proposed date falls inside the projected year-end blackout. Routine governance and organizational meetings should not occur between Christmas and New Year without an explicit exception.
