New Holiday 2027,Date,Status
New Year's Day,2027-01-01,verified_federal
Martin Luther King Jr. Day,2027-01-18,verified_federal
Good Friday,2027-03-26,projected_lss
Memorial Day,2027-05-31,verified_federal
Juneteenth — observed,2027-06-18,verified_federal
Independence Day — observed,2027-07-05,verified_federal
Labor Day,2027-09-06,verified_federal
Thanksgiving Day,2027-11-25,verified_federal
Day after Thanksgiving,2027-11-26,projected_lss
Christmas Day — observed,2027-12-24,verified_federal
New Year's Day 2028 — observed,2027-12-31,verified_federal
